Question Name,Link,Difficulty
1249. Minimum Remove to Make Valid Parentheses,https://leetcode.com/problems/minimum-remove-to-make-valid-parentheses,Med.
408. Valid Word Abbreviation,https://leetcode.com/problems/valid-word-abbreviation,Easy
680. Valid Palindrome II,https://leetcode.com/problems/valid-palindrome-ii,Easy
215. Kth Largest Element in an Array,https://leetcode.com/problems/kth-largest-element-in-an-array,Med.
314. Binary Tree Vertical Order Traversal,https://leetcode.com/problems/binary-tree-vertical-order-traversal,Med.
1650. Lowest Common Ancestor of a Binary Tree III,https://leetcode.com/problems/lowest-common-ancestor-of-a-binary-tree-iii,Med.
88. Merge Sorted Array,https://leetcode.com/problems/merge-sorted-array,Easy
339. Nested List Weight Sum,https://leetcode.com/problems/nested-list-weight-sum,Med.
528. Random Pick with Weight,https://leetcode.com/problems/random-pick-with-weight,Med.
236. Lowest Common Ancestor of a Binary Tree,https://leetcode.com/problems/lowest-common-ancestor-of-a-binary-tree,Med.
1570. Dot Product of Two Sparse Vectors,https://leetcode.com/problems/dot-product-of-two-sparse-vectors,Med.
227. Basic Calculator II,https://leetcode.com/problems/basic-calculator-ii,Med.
162. Find Peak Element,https://leetcode.com/problems/find-peak-element,Med.
283. Move Zeroes,https://leetcode.com/problems/move-zeroes,Easy
"50. Pow(x, n)",https://leetcode.com/problems/powx-n,Med.
71. Simplify Path,https://leetcode.com/problems/simplify-path,Med.
560. Subarray Sum Equals K,https://leetcode.com/problems/subarray-sum-equals-k,Med.
1. Two Sum,https://leetcode.com/problems/two-sum,Easy
56. Merge Intervals,https://leetcode.com/problems/merge-intervals,Med.
973. K Closest Points to Origin,https://leetcode.com/problems/k-closest-points-to-origin,Med.
125. Valid Palindrome,https://leetcode.com/problems/valid-palindrome,Easy
543. Diameter of Binary Tree,https://leetcode.com/problems/diameter-of-binary-tree,Easy
15. 3Sum,https://leetcode.com/problems/3sum,Med.
200. Number of Islands,https://leetcode.com/problems/number-of-islands,Med.
1762. Buildings With an Ocean View,https://leetcode.com/problems/buildings-with-an-ocean-view,Med.
146. LRU Cache,https://leetcode.com/problems/lru-cache,Med.
1091. Shortest Path in Binary Matrix,https://leetcode.com/problems/shortest-path-in-binary-matrix,Med.
31. Next Permutation,https://leetcode.com/problems/next-permutation,Med.
138. Copy List with Random Pointer,https://leetcode.com/problems/copy-list-with-random-pointer,Med.
938. Range Sum of BST,https://leetcode.com/problems/range-sum-of-bst,Easy
199. Binary Tree Right Side View,https://leetcode.com/problems/binary-tree-right-side-view,Med.
670. Maximum Swap,https://leetcode.com/problems/maximum-swap,Med.
1004. Max Consecutive Ones III,https://leetcode.com/problems/max-consecutive-ones-iii,Med.
17. Letter Combinations of a Phone Number,https://leetcode.com/problems/letter-combinations-of-a-phone-number,Med.
23. Merge k Sorted Lists,https://leetcode.com/problems/merge-k-sorted-lists,Hard
347. Top K Frequent Elements,https://leetcode.com/problems/top-k-frequent-elements,Med.
791. Custom Sort String,https://leetcode.com/problems/custom-sort-string,Med.
34. Find First and Last Position of Element in Sorted Array,https://leetcode.com/problems/find-first-and-last-position-of-element-in-sorted-array,Med.
987. Vertical Order Traversal of a Binary Tree,https://leetcode.com/problems/vertical-order-traversal-of-a-binary-tree,Hard
921. Minimum Add to Make Parentheses Valid,https://leetcode.com/problems/minimum-add-to-make-parentheses-valid,Med.
121. Best Time to Buy and Sell Stock,https://leetcode.com/problems/best-time-to-buy-and-sell-stock,Easy
523. Continuous Subarray Sum,https://leetcode.com/problems/continuous-subarray-sum,Med.
426. Convert Binary Search Tree to Sorted Doubly Linked List,https://leetcode.com/problems/convert-binary-search-tree-to-sorted-doubly-linked-list,Med.
1539. Kth Missing Positive Number,https://leetcode.com/problems/kth-missing-positive-number,Easy
76. Minimum Window Substring,https://leetcode.com/problems/minimum-window-substring,Hard
346. Moving Average from Data Stream,https://leetcode.com/problems/moving-average-from-data-stream,Easy
2. Add Two Numbers,https://leetcode.com/problems/add-two-numbers,Med.
4. Median of Two Sorted Arrays,https://leetcode.com/problems/median-of-two-sorted-arrays,Hard
20. Valid Parentheses,https://leetcode.com/problems/valid-parentheses,Easy
498. Diagonal Traverse,https://leetcode.com/problems/diagonal-traverse,Med.
636. Exclusive Time of Functions,https://leetcode.com/problems/exclusive-time-of-functions,Med.
827. Making A Large Island,https://leetcode.com/problems/making-a-large-island,Hard
986. Interval List Intersections,https://leetcode.com/problems/interval-list-intersections,Med.
2667. Create Hello World Function,https://leetcode.com/problems/create-hello-world-function,Easy
14. Longest Common Prefix,https://leetcode.com/problems/longest-common-prefix,Easy
128. Longest Consecutive Sequence,https://leetcode.com/problems/longest-consecutive-sequence,Med.
398. Random Pick Index,https://leetcode.com/problems/random-pick-index,Med.
525. Contiguous Array,https://leetcode.com/problems/contiguous-array,Med.
721. Accounts Merge,https://leetcode.com/problems/accounts-merge,Med.
5. Longest Palindromic Substring,https://leetcode.com/problems/longest-palindromic-substring,Med.
7. Reverse Integer,https://leetcode.com/problems/reverse-integer,Med.
44. Wildcard Matching,https://leetcode.com/problems/wildcard-matching,Hard
65. Valid Number,https://leetcode.com/problems/valid-number,Hard
129. Sum Root to Leaf Numbers,https://leetcode.com/problems/sum-root-to-leaf-numbers,Med.
133. Clone Graph,https://leetcode.com/problems/clone-graph,Med.
249. Group Shifted Strings,https://leetcode.com/problems/group-shifted-strings,Med.
273. Integer to English Words,https://leetcode.com/problems/integer-to-english-words,Hard
480. Sliding Window Median,https://leetcode.com/problems/sliding-window-median,Hard
708. Insert into a Sorted Circular Linked List,https://leetcode.com/problems/insert-into-a-sorted-circular-linked-list,Med.
824. Goat Latin,https://leetcode.com/problems/goat-latin,Easy
10. Regular Expression Matching,https://leetcode.com/problems/regular-expression-matching,Hard
16. 3Sum Closest,https://leetcode.com/problems/3sum-closest,Med.
19. Remove Nth Node From End of List,https://leetcode.com/problems/remove-nth-node-from-end-of-list,Med.
28. Find the Index of the First Occurrence in a String,https://leetcode.com/problems/find-the-index-of-the-first-occurrence-in-a-string,Easy
33. Search in Rotated Sorted Array,https://leetcode.com/problems/search-in-rotated-sorted-array,Med.
38. Count and Say,https://leetcode.com/problems/count-and-say,Med.
127. Word Ladder,https://leetcode.com/problems/word-ladder,Hard
207. Course Schedule,https://leetcode.com/problems/course-schedule,Med.
282. Expression Add Operators,https://leetcode.com/problems/expression-add-operators,Hard
394. Decode String,https://leetcode.com/problems/decode-string,Med.
539. Minimum Time Difference,https://leetcode.com/problems/minimum-time-difference,Med.
647. Palindromic Substrings,https://leetcode.com/problems/palindromic-substrings,Med.
1047. Remove All Adjacent Duplicates In String,https://leetcode.com/problems/remove-all-adjacent-duplicates-in-string,Easy
1216. Valid Palindrome III,https://leetcode.com/problems/valid-palindrome-iii,Hard
1768. Merge Strings Alternately,https://leetcode.com/problems/merge-strings-alternately,Easy
1757. Recyclable and Low Fat Products,https://leetcode.com/problems/recyclable-and-low-fat-products,Easy
1868. Product of Two Run-Length Encoded Arrays,https://leetcode.com/problems/product-of-two-run-length-encoded-arrays,Med.
3. Longest Substring Without Repeating Characters,https://leetcode.com/problems/longest-substring-without-repeating-characters,Med.
8. String to Integer (atoi),https://leetcode.com/problems/string-to-integer-atoi,Med.
9. Palindrome Number,https://leetcode.com/problems/palindrome-number,Easy
26. Remove Duplicates from Sorted Array,https://leetcode.com/problems/remove-duplicates-from-sorted-array,Easy
37. Sudoku Solver,https://leetcode.com/problems/sudoku-solver,Hard
43. Multiply Strings,https://leetcode.com/problems/multiply-strings,Med.
69. Sqrt(x),https://leetcode.com/problems/sqrtx,Easy
70. Climbing Stairs,https://leetcode.com/problems/climbing-stairs,Easy
78. Subsets,https://leetcode.com/problems/subsets,Med.
80. Remove Duplicates from Sorted Array II,https://leetcode.com/problems/remove-duplicates-from-sorted-array-ii,Med.
118. Pascal's Triangle,https://leetcode.com/problems/pascals-triangle,Easy
140. Word Break II,https://leetcode.com/problems/word-break-ii,Hard
173. Binary Search Tree Iterator,https://leetcode.com/problems/binary-search-tree-iterator,Med.
